{"scale": 1.03, "transformation": [[0.3166984193724383, 0.005086920000000002, -0.9485128992291039, -1.5558935980853998], [-0.0012362621387167442, 0.9999870000000004, 0.004950206475984161, -1.3466034254776902], [0.948525654296679, -0.00039510700000000023, 0.31669956316051007, 3.24667719845299], [0.0, 0.0, 0.0, 1.0]]}